{"stats":{"minecraft:mined":{"create:zinc_ore":6,"mysticalagriculture:prosperity_ore":2,"create:deepslate_zinc_ore":1,"minecraft:tuff":2,"minecraft:deepslate_diamond_ore":5,"minecraft:dark_oak_log":19,"minecraft:obsidian":18,"mekanism:deepslate_osmium_ore":2,"gothic:cave_mushrooms":3,"minecraft:granite":7,"minecraft:grass_block":119,"minecraft:moss_block":1,"mysticalagriculture:inferium_ore":2,"minecraft:furnace":2,"minecraft:iron_ore":16,"minecraft:cobbled_deepslate":1,"minecraft:andesite":17,"minecraft:deepslate_lapis_ore":1,"minecraft:stone":186,"minecraft:deepslate_redstone_ore":10,"mekanism:osmium_ore":2,"lootr:lootr_chest":1,"minecraft:red_bed":1,"minecraft:crafting_table":4,"minecraft:clay":6,"mekanism:tin_ore":12,"minecraft:copper_ore":10,"minecraft:cobblestone":15,"minecraft:diorite":4,"minecraft:birch_log":1,"gothic:magic_ore_stone":1,"minecraft:grass":4,"minecraft:oak_log":63,"minecraft:coal_ore":15,"createindustry:deepslate_lithium_ore":3,"minecraft:gravel":2,"mekanism:deepslate_fluorite_ore":8,"minecraft:dirt":28,"mysticalagriculture:deepslate_prosperity_ore":9,"mekanism:deepslate_uranium_ore":2,"gothic:tall_mushrooms":1,"pots_and_mimics:treasure_pot":3,"minecraft:oak_leaves":16,"mysticalagriculture:deepslate_inferium_ore":3,"minecraft:deepslate":81},"minecraft:picked_up":{"minecraft:wheat":2,"minecraft:crafting_table":5,"minecraft:clay_ball":24,"mekanism:raw_uranium":2,"cobblemon:yellow_apricorn":1,"minecraft:wooden_pickaxe":2,"minecraft:shield":1,"minecraft:raw_copper":36,"minecraft:string":3,"minecraft:red_bed":1,"minecraft:iron_axe":1,"minecraft:wooden_sword":2,"minecraft:iron_shovel":1,"mysticalagriculture:inferium_essence":16,"minecraft:cobbled_deepslate":81,"minecraft:iron_pickaxe":1,"minecraft:chest":1,"minecraft:egg":1,"minecraft:furnace":2,"minecraft:stick":1,"minecraft:raw_iron":22,"mysticalagriculture:prosperity_shard":27,"gothic:tall_mushrooms":4,"minecraft:diorite":3,"minecraft:redstone":45,"mekanism:raw_tin":12,"minecraft:arrow":1,"minecraft:rotten_flesh":5,"minecraft:carved_pumpkin":1,"minecraft:obsidian":10,"cobblemon:level_ball":1,"minecraft:cobblestone":199,"minecraft:birch_log":1,"minecraft:andesite":17,"realmrpg_creep:creeping_sprout":1,"minecraft:oak_log":62,"minecraft:tuff":2,"create:raw_zinc":7,"gothic:magic_ore_nugget":3,"minecraft:gunpowder":1,"minecraft:lapis_lazuli":9,"minecraft:dirt":156,"minecraft:wheat_seeds":1,"minecraft:raw_gold":2,"minecraft:iron_ingot":32,"minecraft:stone_pickaxe":1,"minecraft:moss_block":2,"minecraft:gravel":2,"mekanism:raw_osmium":4,"minecraft:dark_oak_log":19,"gothic:cave_mushrooms":3,"gothic:meat":1,"minecraft:pumpkin_seeds":1,"cobblemon:poke_ball":131,"minecraft:diamond":7,"minecraft:stone_axe":1,"minecraft:granite":10,"mekanism:fluorite_gem":22,"minecraft:coal":38,"minecraft:diamond_pickaxe":1},"minecraft:crafted":{"minecraft:wooden_sword":1,"minecraft:oak_planks":80,"minecraft:stone_shovel":1,"minecraft:furnace":1,"minecraft:iron_boots":1,"minecraft:iron_axe":1,"minecraft:stone_pickaxe":2,"minecraft:dark_oak_planks":76,"minecraft:crafting_table":7,"minecraft:iron_helmet":1,"minecraft:wooden_pickaxe":5,"minecraft:bucket":2,"minecraft:stone_axe":1,"minecraft:air":0,"minecraft:oak_boat":1,"minecraft:iron_chestplate":1,"minecraft:stick":40,"minecraft:iron_ingot":10,"minecraft:iron_pickaxe":1,"minecraft:iron_shovel":1,"minecraft:iron_leggings":1,"minecraft:torch":20},"minecraft:killed":{"minecraft:skeleton":3,"realmrpg_demons:chort":3,"gothic:molerat":1,"realmrpg_creep:creepling":1,"cobblemon:pokemon":2,"gothic:scavenger_young":2,"minecraft:zombie":4},"minecraft:killed_by":{"minecraft:creeper":1,"gothic:molerat":1,"realmrpg_creep:halloweed":5,"gothic:cave_molerat":3,"pots_and_mimics:pot_crab":1,"minecraft:skeleton":2,"minecraft:zombie":1,"gothic:bloodfly":3,"gothic:snapper":1},"minecraft:broken":{"minecraft:wooden_pickaxe":2,"minecraft:shield":1},"minecraft:used":{"minecraft:iron_shovel":2,"minecraft:chest":1,"minecraft:shield":78,"gothic:meat":1,"minecraft:rotten_flesh":2,"minecraft:torch":14,"minecraft:dirt":12,"minecraft:dark_oak_planks":2,"minecraft:iron_axe":225,"minecraft:iron_helmet":1,"minecraft:furnace":2,"minecraft:cobbled_deepslate":20,"minecraft:iron_leggings":1,"minecraft:water_bucket":2,"minecraft:diorite":2,"minecraft:stone_pickaxe":35,"minecraft:wooden_pickaxe":198,"minecraft:crafting_table":9,"minecraft:diamond_pickaxe":131,"minecraft:apple":4,"minecraft:bread":11,"minecraft:iron_pickaxe":106,"minecraft:gravel":2,"minecraft:stone_axe":8,"minecraft:diamond_sword":25,"minecraft:wooden_sword":6,"minecraft:cobblestone":81,"minecraft:bucket":2,"minecraft:andesite":6},"minecraft:custom":{"lootr:looted_stat":9,"minecraft:mob_kills":17,"minecraft:interact_with_crafting_table":22,"minecraft:open_barrel":1,"minecraft:damage_dealt_resisted":100,"minecraft:leave_game":2,"minecraft:time_since_death":7801,"minecraft:climb_one_cm":412,"minecraft:sprint_one_cm":328489,"minecraft:walk_one_cm":256461,"minecraft:damage_blocked_by_shield":3330,"minecraft:drop":43,"minecraft:damage_dealt_absorbed":80,"minecraft:talked_to_villager":2,"minecraft:players_patted":12,"minecraft:play_time":127755,"minecraft:deaths":18,"minecraft:sneak_time":4565,"minecraft:walk_under_water_one_cm":12491,"minecraft:jump":2816,"minecraft:walk_on_water_one_cm":11570,"minecraft:total_world_time":127755,"minecraft:interact_with_furnace":10,"minecraft:sleep_in_bed":1,"minecraft:time_since_rest":7827,"minecraft:waystone_activated":4,"minecraft:damage_taken":5151,"minecraft:damage_dealt":3699,"minecraft:swim_one_cm":72908,"minecraft:fly_one_cm":618158,"minecraft:open_chest":2,"minecraft:crouch_one_cm":15204,"minecraft:fall_one_cm":85786},"minecraft:dropped":{"minecraft:enchanted_book":1,"minecraft:moss_block":2,"minecraft:crafting_table":3,"minecraft:cobblestone":5,"minecraft:granite":3,"minecraft:dirt":15,"tconstruct:materials_and_you":1,"cobblemon:poke_ball":7,"gothic:tall_mushrooms":4,"minecraft:wooden_sword":4,"minecraft:iron_pickaxe":1,"minecraft:string":3,"minecraft:stone_axe":2,"minecraft:stone_shovel":1,"minecraft:clay_ball":24,"minecraft:pumpkin_seeds":1,"minecraft:gunpowder":1,"minecraft:wooden_pickaxe":2,"minecraft:stone_pickaxe":3}},"DataVersion":3120}