{"stats":{"minecraft:mined":{"create:zinc_ore":9,"mysticalagriculture:prosperity_ore":16,"minecraft:dark_oak_log":2,"mekanism:deepslate_osmium_ore":2,"minecraft:granite":7,"minecraft:acacia_log":8,"minecraft:grass_block":90,"mysticalagriculture:inferium_ore":21,"minecraft:hay_block":4,"minecraft:furnace":1,"minecraft:iron_ore":45,"bigreactors:yellorite_ore":2,"minecraft:andesite":65,"realmrpg_skeletons:rookie_skeleton":1,"createindustry:lead_ore":2,"minecraft:potatoes":5,"minecraft:dirt_path":1,"realmrpg_skeletons:trident_skeleton":1,"minecraft:stone":205,"mekanism:osmium_ore":32,"minecraft:red_bed":1,"botanypots:terracotta_botany_pot":1,"minecraft:clay":34,"minecraft:crafting_table":4,"mekanism:tin_ore":17,"minecraft:tall_grass":69,"minecraft:copper_ore":61,"minecraft:cobblestone":4,"minecraft:oak_planks":5,"minecraft:wall_torch":2,"realmrpg_skeletons:bow_skeleton":1,"gothic:magic_ore_stone":4,"minecraft:wheat":10,"realmrpg_skeletons:acrobat_skeleton":1,"minecraft:grass":423,"minecraft:oak_log":53,"minecraft:coal_ore":184,"mekanism:lead_ore":2,"minecraft:acacia_door":3,"minecraft:gravel":1,"minecraft:sand":24,"minecraft:dirt":34,"pots_and_mimics:treasure_pot":2},"minecraft:picked_up":{"waystones:warp_stone":1,"minecraft:crafting_table":4,"minecraft:wheat":11,"minecraft:chicken":2,"minecraft:clay_ball":136,"minecraft:redstone_lamp":1,"minecraft:shield":1,"minecraft:string":9,"minecraft:red_bed":1,"minecraft:raw_copper":220,"minecraft:acacia_door":3,"minecraft:compass":1,"mysticalagriculture:inferium_essence":67,"comforts:sleeping_bag_white":1,"minecraft:beef":5,"createindustry:raw_lead":2,"minecraft:poppy":2,"minecraft:furnace":1,"minecraft:dark_oak_sapling":4,"minecraft:stick":33,"minecraft:raw_iron":47,"minecraft:oak_door":4,"minecraft:acacia_log":8,"minecraft:torch":5,"mysticalagriculture:prosperity_shard":37,"mekanism:raw_tin":17,"minecraft:rotten_flesh":9,"minecraft:arrow":7,"minecraft:hay_block":4,"minecraft:carved_pumpkin":1,"bigreactors:yellorite_ore":2,"minecraft:mutton":4,"cobblemon:blue_apricorn":2,"minecraft:white_wool":4,"minecraft:cobblestone":222,"minecraft:feather":4,"minecraft:clock":1,"mekanism:raw_lead":2,"minecraft:andesite":67,"minecraft:leather":9,"realmrpg_creep:creeping_sprout":4,"minecraft:potato":20,"create:raw_zinc":9,"minecraft:oak_log":63,"minecraft:prismarine_bricks":3,"gothic:magic_ore_nugget":11,"minecraft:map":9,"minecraft:dirt":200,"minecraft:lantern":1,"minecraft:leather_boots":1,"minecraft:bone":16,"minecraft:waxed_weathered_cut_copper":1,"minecraft:apple":3,"minecraft:wheat_seeds":87,"minecraft:iron_ingot":35,"minecraft:acacia_sapling":2,"minecraft:oak_planks":5,"minecraft:daylight_detector":1,"patchouli:guide_book":2,"minecraft:gravel":3,"minecraft:sand":24,"minecraft:grass_block":1,"minecraft:dark_oak_log":142,"mekanism:raw_osmium":34,"minecraft:spider_eye":1,"gothic:meat":5,"cobblemon:poke_ball":7,"minecraft:granite":8,"minecraft:emerald":1,"minecraft:baked_potato":11,"minecraft:oak_sapling":28,"minecraft:coal":264,"botanypots:terracotta_botany_pot":1,"minecraft:ender_pearl":1},"minecraft:crafted":{"minecraft:brick":22,"minecraft:oak_door":3,"minecraft:oak_planks":156,"minecraft:stone_shovel":1,"sophisticatedstorage:basic_tier_upgrade":2,"mekanism:ingot_osmium":2,"comforts:sleeping_bag_white":1,"minecraft:oak_pressure_plate":2,"minecraft:furnace":4,"minecraft:terracotta":16,"minecraft:hopper":2,"minecraft:stone_pickaxe":4,"minecraft:chest":4,"minecraft:dark_oak_planks":60,"gothic:meat_cooked":0,"minecraft:crafting_table":3,"minecraft:wooden_pickaxe":2,"minecraft:baked_potato":66,"minecraft:iron_sword":1,"minecraft:copper_ingot":7,"minecraft:bucket":1,"minecraft:stone_axe":1,"minecraft:bread":5,"minecraft:air":0,"minecraft:stick":20,"minecraft:iron_pickaxe":1,"minecraft:acacia_door":3,"minecraft:acacia_planks":8,"minecraft:torch":104,"minecraft:clay":16},"minecraft:killed_by":{"realmrpg_demons:chort":1,"minecraft:creeper":1,"minecraft:enderman":1,"realmrpg_creep:creepling":1,"realmrpg_creep:halloweed":2},"minecraft:killed":{"realmrpg_creep:halloweed":1,"minecraft:spider":2,"gothic:gothic_wolf":2,"minecraft:skeleton":5,"minecraft:horse":4,"realmrpg_demons:chort":1,"minecraft:drowned":1,"gothic:cave_molerat":1,"cobblemon:pokemon":11,"minecraft:zombie_villager":1,"minecraft:pillager":1,"minecraft:zombie":5,"minecraft:cow":1},"minecraft:broken":{"minecraft:wooden_pickaxe":2,"minecraft:stone_pickaxe":3,"minecraft:stone_shovel":1},"minecraft:used":{"minecraft:stone_sword":4,"minecraft:stone_shovel":168,"minecraft:chest":4,"minecraft:iron_sword":143,"minecraft:oak_door":6,"minecraft:torch":73,"minecraft:dirt":32,"minecraft:mutton":1,"minecraft:granite":6,"minecraft:wooden_axe":1,"minecraft:lava_bucket":1,"minecraft:grass_block":1,"mekanismgenerators:heat_generator":1,"gothic:grape":1,"minecraft:oak_sapling":13,"minecraft:furnace":3,"comforts:sleeping_bag_white":1,"minecraft:potato":1,"minecraft:wheat_seeds":15,"botanypots:terracotta_hopper_botany_pot":2,"minecraft:stone_pickaxe":479,"minecraft:baked_potato":26,"minecraft:oak_planks":129,"minecraft:wooden_pickaxe":118,"minecraft:white_wool":1,"gothic:lamb_sausage":3,"gothic:meat_cooked":1,"minecraft:crafting_table":5,"minecraft:red_bed":1,"sophisticatedstorage:basic_tier_upgrade":2,"botanypots:terracotta_botany_pot":1,"minecraft:oak_log":16,"minecraft:apple":3,"minecraft:acacia_door":3,"minecraft:bread":14,"minecraft:iron_pickaxe":93,"minecraft:oak_pressure_plate":2,"minecraft:gravel":3,"minecraft:stone_axe":132,"minecraft:cobblestone":119,"minecraft:bucket":1},"minecraft:dropped":{"minecraft:wheat_seeds":3,"minecraft:feather":4,"minecraft:rotten_flesh":3,"minecraft:poppy":2},"minecraft:custom":{"lootr:looted_stat":27,"minecraft:mob_kills":37,"minecraft:interact_with_crafting_table":67,"minecraft:damage_dealt_resisted":90,"minecraft:leave_game":6,"minecraft:time_since_death":64748,"minecraft:climb_one_cm":292,"minecraft:sprint_one_cm":296838,"minecraft:walk_one_cm":539479,"minecraft:drop":10,"minecraft:damage_dealt_absorbed":40,"minecraft:talked_to_villager":5,"minecraft:play_time":181583,"minecraft:deaths":6,"minecraft:sneak_time":1494,"minecraft:walk_under_water_one_cm":24530,"minecraft:jump":2189,"minecraft:walk_on_water_one_cm":39244,"minecraft:total_world_time":181583,"minecraft:interact_with_furnace":29,"minecraft:sleep_in_bed":5,"minecraft:time_since_rest":22322,"minecraft:waystone_activated":5,"minecraft:open_enderchest":4,"minecraft:damage_taken":3994,"minecraft:damage_dealt":8691,"minecraft:swim_one_cm":60582,"minecraft:fly_one_cm":444973,"minecraft:open_chest":82,"minecraft:crouch_one_cm":4873,"minecraft:fall_one_cm":59719}},"DataVersion":3120}