{"stats":{"minecraft:mined":{"create:zinc_ore":9,"mysticalagriculture:prosperity_ore":8,"minecraft:dark_oak_log":2,"minecraft:granite":6,"minecraft:acacia_log":8,"minecraft:grass_block":90,"mysticalagriculture:inferium_ore":16,"minecraft:hay_block":4,"minecraft:furnace":1,"minecraft:iron_ore":17,"bigreactors:yellorite_ore":2,"minecraft:andesite":65,"createindustry:lead_ore":2,"realmrpg_skeletons:rookie_skeleton":1,"minecraft:potatoes":5,"minecraft:dirt_path":1,"realmrpg_skeletons:trident_skeleton":1,"minecraft:stone":191,"mekanism:osmium_ore":17,"minecraft:red_bed":1,"botanypots:terracotta_botany_pot":1,"minecraft:clay":34,"minecraft:crafting_table":3,"mekanism:tin_ore":17,"minecraft:copper_ore":54,"minecraft:tall_grass":66,"minecraft:cobblestone":3,"minecraft:oak_planks":5,"realmrpg_skeletons:bow_skeleton":1,"gothic:magic_ore_stone":2,"minecraft:wheat":10,"minecraft:grass":423,"minecraft:coal_ore":173,"minecraft:oak_log":53,"minecraft:gravel":1,"minecraft:sand":24,"minecraft:acacia_door":3,"minecraft:dirt":34,"pots_and_mimics:treasure_pot":2},"minecraft:picked_up":{"minecraft:wheat":11,"minecraft:crafting_table":3,"waystones:warp_stone":1,"minecraft:chicken":2,"minecraft:clay_ball":136,"minecraft:redstone_lamp":1,"minecraft:shield":1,"minecraft:string":9,"minecraft:red_bed":1,"minecraft:raw_copper":193,"minecraft:acacia_door":3,"minecraft:compass":1,"mysticalagriculture:inferium_essence":52,"minecraft:beef":3,"createindustry:raw_lead":2,"minecraft:poppy":2,"minecraft:furnace":1,"minecraft:raw_iron":19,"minecraft:dark_oak_sapling":4,"minecraft:stick":33,"minecraft:oak_door":4,"mysticalagriculture:prosperity_shard":18,"minecraft:torch":3,"minecraft:acacia_log":8,"mekanism:raw_tin":17,"minecraft:arrow":7,"minecraft:rotten_flesh":7,"minecraft:hay_block":4,"minecraft:carved_pumpkin":1,"bigreactors:yellorite_ore":2,"minecraft:mutton":3,"cobblemon:blue_apricorn":2,"minecraft:white_wool":3,"minecraft:cobblestone":205,"minecraft:feather":4,"minecraft:clock":1,"minecraft:andesite":64,"minecraft:leather":8,"minecraft:potato":20,"realmrpg_creep:creeping_sprout":4,"gothic:magic_ore_nugget":5,"create:raw_zinc":9,"minecraft:oak_log":63,"minecraft:prismarine_bricks":3,"minecraft:map":9,"minecraft:dirt":200,"minecraft:lantern":1,"minecraft:leather_boots":1,"minecraft:waxed_weathered_cut_copper":1,"minecraft:bone":15,"minecraft:apple":3,"minecraft:wheat_seeds":87,"minecraft:iron_ingot":35,"minecraft:oak_planks":5,"minecraft:acacia_sapling":2,"minecraft:daylight_detector":1,"patchouli:guide_book":2,"minecraft:gravel":3,"minecraft:sand":24,"minecraft:grass_block":1,"minecraft:dark_oak_log":142,"mekanism:raw_osmium":14,"minecraft:spider_eye":1,"gothic:meat":3,"cobblemon:poke_ball":7,"minecraft:granite":7,"minecraft:emerald":1,"minecraft:baked_potato":11,"minecraft:oak_sapling":28,"minecraft:coal":253,"botanypots:terracotta_botany_pot":1,"minecraft:ender_pearl":1},"minecraft:crafted":{"minecraft:brick":22,"minecraft:oak_door":3,"minecraft:oak_planks":136,"minecraft:stone_shovel":1,"sophisticatedstorage:basic_tier_upgrade":2,"comforts:sleeping_bag_white":1,"minecraft:oak_pressure_plate":2,"minecraft:furnace":1,"minecraft:terracotta":16,"minecraft:hopper":2,"minecraft:stone_pickaxe":3,"minecraft:chest":2,"minecraft:dark_oak_planks":44,"gothic:meat_cooked":0,"minecraft:crafting_table":2,"minecraft:wooden_pickaxe":2,"minecraft:baked_potato":45,"minecraft:iron_sword":1,"minecraft:stone_axe":1,"minecraft:bread":5,"minecraft:air":0,"minecraft:stick":20,"minecraft:iron_pickaxe":1,"minecraft:acacia_door":3,"minecraft:acacia_planks":8,"minecraft:torch":104,"minecraft:clay":16},"minecraft:killed_by":{"realmrpg_demons:chort":1,"minecraft:creeper":1,"minecraft:enderman":1,"realmrpg_creep:creepling":1,"realmrpg_creep:halloweed":2},"minecraft:killed":{"realmrpg_creep:halloweed":1,"minecraft:spider":1,"gothic:gothic_wolf":2,"minecraft:horse":4,"minecraft:skeleton":5,"realmrpg_demons:chort":1,"minecraft:drowned":1,"cobblemon:pokemon":9,"minecraft:zombie_villager":1,"minecraft:pillager":1,"minecraft:zombie":4,"minecraft:cow":1},"minecraft:broken":{"minecraft:wooden_pickaxe":2,"minecraft:stone_pickaxe":2,"minecraft:stone_shovel":1},"minecraft:used":{"minecraft:stone_sword":4,"minecraft:stone_shovel":168,"minecraft:chest":2,"minecraft:iron_sword":126,"minecraft:oak_door":6,"minecraft:torch":57,"minecraft:dirt":32,"minecraft:wooden_axe":1,"minecraft:grass_block":1,"gothic:grape":1,"minecraft:oak_sapling":13,"minecraft:furnace":2,"minecraft:potato":1,"minecraft:wheat_seeds":15,"botanypots:terracotta_hopper_botany_pot":2,"minecraft:stone_pickaxe":403,"minecraft:baked_potato":20,"minecraft:oak_planks":129,"minecraft:wooden_pickaxe":118,"gothic:lamb_sausage":2,"gothic:meat_cooked":1,"minecraft:crafting_table":4,"minecraft:red_bed":1,"sophisticatedstorage:basic_tier_upgrade":2,"botanypots:terracotta_botany_pot":1,"minecraft:oak_log":16,"minecraft:apple":3,"minecraft:acacia_door":3,"minecraft:bread":14,"minecraft:iron_pickaxe":73,"minecraft:oak_pressure_plate":2,"minecraft:stone_axe":128,"minecraft:cobblestone":112},"minecraft:dropped":{"minecraft:wheat_seeds":3,"minecraft:feather":4,"minecraft:rotten_flesh":3,"minecraft:poppy":2},"minecraft:custom":{"lootr:looted_stat":27,"minecraft:mob_kills":31,"minecraft:interact_with_crafting_table":52,"minecraft:damage_dealt_resisted":90,"minecraft:leave_game":4,"minecraft:time_since_death":38325,"minecraft:climb_one_cm":292,"minecraft:sprint_one_cm":228325,"minecraft:walk_one_cm":470880,"minecraft:drop":10,"minecraft:damage_dealt_absorbed":40,"minecraft:talked_to_villager":5,"minecraft:play_time":155160,"minecraft:deaths":6,"minecraft:sneak_time":1361,"minecraft:walk_under_water_one_cm":19699,"minecraft:jump":1658,"minecraft:walk_on_water_one_cm":28181,"minecraft:total_world_time":155160,"minecraft:interact_with_furnace":19,"minecraft:sleep_in_bed":4,"minecraft:time_since_rest":14008,"minecraft:waystone_activated":5,"minecraft:open_enderchest":4,"minecraft:damage_taken":3644,"minecraft:damage_dealt":7312,"minecraft:swim_one_cm":56470,"minecraft:fly_one_cm":327653,"minecraft:open_chest":58,"minecraft:crouch_one_cm":4330,"minecraft:fall_one_cm":44262}},"DataVersion":3120}