{"stats":{"minecraft:mined":{"minecraft:dark_oak_log":2,"minecraft:crafting_table":3,"minecraft:acacia_log":8,"minecraft:grass_block":83,"minecraft:tall_grass":30,"minecraft:copper_ore":11,"minecraft:cobblestone":1,"minecraft:oak_planks":1,"mysticalagriculture:inferium_ore":2,"minecraft:hay_block":4,"minecraft:furnace":1,"minecraft:iron_ore":1,"minecraft:wheat":10,"minecraft:grass":349,"realmrpg_skeletons:rookie_skeleton":1,"minecraft:potatoes":5,"minecraft:oak_log":43,"minecraft:coal_ore":127,"minecraft:dirt":32,"realmrpg_skeletons:trident_skeleton":1,"minecraft:stone":181,"pots_and_mimics:treasure_pot":1},"minecraft:picked_up":{"minecraft:crafting_table":3,"waystones:warp_stone":1,"minecraft:wheat":11,"minecraft:feather":1,"minecraft:clock":1,"minecraft:chicken":1,"minecraft:redstone_lamp":1,"minecraft:leather":8,"realmrpg_creep:creeping_sprout":2,"minecraft:potato":20,"minecraft:prismarine_bricks":3,"minecraft:oak_log":53,"minecraft:shield":1,"minecraft:map":9,"minecraft:dirt":160,"minecraft:string":3,"minecraft:lantern":1,"minecraft:raw_copper":41,"minecraft:leather_boots":1,"minecraft:compass":1,"minecraft:bone":7,"minecraft:waxed_weathered_cut_copper":1,"minecraft:apple":3,"minecraft:wheat_seeds":75,"mysticalagriculture:inferium_essence":12,"minecraft:beef":3,"minecraft:iron_ingot":35,"minecraft:poppy":1,"minecraft:oak_planks":1,"minecraft:acacia_sapling":2,"minecraft:furnace":1,"minecraft:dark_oak_sapling":4,"minecraft:stick":25,"minecraft:raw_iron":2,"minecraft:daylight_detector":1,"patchouli:guide_book":2,"minecraft:acacia_log":8,"minecraft:grass_block":1,"minecraft:dark_oak_log":142,"gothic:meat":2,"minecraft:arrow":1,"minecraft:rotten_flesh":5,"cobblemon:poke_ball":7,"minecraft:hay_block":4,"minecraft:carved_pumpkin":1,"minecraft:baked_potato":11,"minecraft:oak_sapling":24,"minecraft:coal":205,"cobblemon:blue_apricorn":2,"minecraft:cobblestone":183,"minecraft:ender_pearl":1},"minecraft:crafted":{"gothic:meat_cooked":0,"minecraft:oak_planks":116,"minecraft:crafting_table":2,"minecraft:baked_potato":7,"minecraft:wooden_pickaxe":2,"minecraft:iron_sword":1,"minecraft:furnace":1,"minecraft:stone_axe":1,"minecraft:bread":2,"minecraft:air":0,"minecraft:stick":20,"minecraft:iron_pickaxe":1,"minecraft:stone_pickaxe":3,"minecraft:acacia_door":3,"minecraft:chest":2,"minecraft:dark_oak_planks":44,"minecraft:torch":52},"minecraft:killed_by":{"realmrpg_demons:chort":1,"realmrpg_creep:creepling":1,"realmrpg_creep:halloweed":1},"minecraft:killed":{"cobblemon:pokemon":4,"minecraft:zombie_villager":1,"minecraft:spider":1,"gothic:gothic_wolf":1,"minecraft:skeleton":1,"minecraft:horse":4,"minecraft:zombie":3,"minecraft:cow":1},"minecraft:broken":{"minecraft:stone_pickaxe":1,"minecraft:wooden_pickaxe":2},"minecraft:used":{"minecraft:wheat_seeds":15,"minecraft:stone_sword":4,"minecraft:stone_shovel":110,"minecraft:stone_pickaxe":195,"minecraft:baked_potato":7,"minecraft:oak_planks":117,"minecraft:chest":2,"minecraft:wooden_pickaxe":118,"minecraft:iron_sword":68,"minecraft:torch":20,"minecraft:dirt":32,"gothic:meat_cooked":1,"minecraft:crafting_table":4,"minecraft:oak_log":16,"minecraft:wooden_axe":1,"minecraft:acacia_door":3,"minecraft:grass_block":1,"minecraft:bread":14,"minecraft:iron_pickaxe":18,"minecraft:stone_axe":107,"minecraft:cobblestone":76,"minecraft:oak_sapling":12,"minecraft:furnace":2,"minecraft:potato":1},"minecraft:dropped":{"minecraft:wheat_seeds":2,"minecraft:rotten_flesh":2},"minecraft:custom":{"minecraft:interact_with_furnace":6,"lootr:looted_stat":19,"minecraft:mob_kills":16,"minecraft:interact_with_crafting_table":24,"minecraft:leave_game":4,"minecraft:time_since_death":53276,"minecraft:sleep_in_bed":1,"minecraft:time_since_rest":50532,"minecraft:waystone_activated":5,"minecraft:sprint_one_cm":126920,"minecraft:open_enderchest":3,"minecraft:damage_taken":1933,"minecraft:walk_one_cm":308485,"minecraft:drop":4,"minecraft:damage_dealt":4261,"minecraft:swim_one_cm":35461,"minecraft:talked_to_villager":3,"minecraft:fly_one_cm":188908,"minecraft:open_chest":14,"minecraft:crouch_one_cm":2010,"minecraft:play_time":108309,"minecraft:deaths":3,"minecraft:sneak_time":797,"minecraft:walk_under_water_one_cm":6077,"minecraft:jump":986,"minecraft:walk_on_water_one_cm":15952,"minecraft:total_world_time":108309,"minecraft:fall_one_cm":24722}},"DataVersion":3120}