{"stats":{"minecraft:mined":{"minecraft:dark_oak_log":1,"minecraft:mushroom_stem":4,"minecraft:grass":2,"minecraft:oak_log":1,"minecraft:red_mushroom_block":45,"minecraft:oak_leaves":4},"minecraft:picked_up":{"minecraft:wooden_axe":1,"minecraft:birch_log":5,"minecraft:wheat":1,"minecraft:leather_chestplate":1,"minecraft:prismarine_shard":195,"minecraft:leather_leggings":5,"computercraft:turtle_advanced":1,"minecraft:golden_leggings":1,"minecraft:red_mushroom":9,"realmrpg_creep:creeping_sprout":10,"seadwellers:aquamarine":3,"minecraft:gunpowder":2,"minecraft:oak_log":19,"minecraft:golden_boots":1,"minecraft:shield":32,"minecraft:lantern":1,"minecraft:leather_boots":2,"minecraft:bone":4,"vampirism:human_heart":2,"minecraft:apple":2,"minecraft:bow":1,"minecraft:diamond_leggings":1,"minecraft:wheat_seeds":13,"mysticalagriculture:inferium_essence":67,"minecraft:gold_nugget":3,"minecraft:iron_ingot":36,"minecraft:poppy":11,"minecraft:sculk_catalyst":5,"minecraft:iron_sword":40,"minecraft:golden_helmet":1,"minecraft:dark_oak_sapling":10,"minecraft:stick":10,"vampirism:vampire_fang":1,"minecraft:golden_chestplate":2,"minecraft:prismarine_crystals":84,"minecraft:dark_oak_log":190,"minecraft:leather_helmet":1,"vampirism:blood_bottle":1,"minecraft:rotten_flesh":8,"gothic:meat":2,"minecraft:arrow":5,"minecraft:diamond_boots":1,"minecraft:iron_helmet":2,"minecraft:crossbow":32,"minecraft:carved_pumpkin":4,"minecraft:bread":11,"minecraft:oak_sapling":6,"minecraft:coal":2,"minecraft:mutton":1,"minecraft:cod":75,"minecraft:white_wool":1},"minecraft:killed_by":{"vampirism:advanced_vampire":3,"guardvillagers:guard":4},"minecraft:killed":{"guardvillagers:guard":1,"vampirism:vampire":1,"vampirism:advanced_vampire":1,"realmrpg_creep:creepling":1,"cobblemon:pokemon":5,"realmrpg_creep:halloweed":3,"minecraft:iron_golem":7,"vampirism:hunter":5,"minecraft:skeleton":1,"minecraft:sheep":1,"gothic:scavenger":1},"minecraft:used":{"minecraft:calcite":1,"minecraft:netherite_sword":45,"minecraft:polished_blackstone_brick_slab":121,"minecraft:polished_andesite":11,"minecraft:zombie_villager_spawn_egg":1,"computercraft:turtle_advanced":1,"minecraft:ender_chest":2,"minecraft:stone":360,"minecraft:zombie_spawn_egg":3,"minecraft:diamond_axe":76,"vampirism:vampire_hunter_spawn_egg":6,"arthys_rpg_arms:excalibur":42,"minecraft:dirt":29,"minecraft:stone_brick_wall":14,"minecraft:warden_spawn_egg":5,"minecraft:warped_planks":1,"cobblemon:healing_machine":3,"gothic:guardian_table":2,"minecraft:polished_diorite":26,"minecraft:creeper_spawn_egg":2,"minecraft:redstone_torch":1,"waystones:waystone":5,"arthys_rpg_arms:soul_scythe":11,"minecraft:daylight_detector":11,"minecraft:command_block":2,"minecraft:lantern":21,"minecraft:grass_block":69,"realmrpg_creep:halloweed_spawn_egg":2,"minecraft:polished_blackstone_brick_wall":2,"minecraft:dark_oak_leaves":62,"minecraft:waxed_weathered_cut_copper":25,"minecraft:gravel":56,"minecraft:crimson_planks":18,"minecraft:diamond_sword":29,"cobblemon:pc":3,"minecraft:glowstone":1,"minecraft:wooden_sword":9,"minecraft:redstone_lamp":13,"minecraft:cobblestone":62,"arthys_rpg_arms:skulk_hammer":5,"guardvillagers:guard_spawn_egg":5,"arthys_rpg_arms:fire_blade":28,"minecraft:oxidized_copper":10,"minecraft:repeating_command_block":33,"minecraft:zombified_piglin_spawn_egg":3,"minecraft:bone_meal":114,"minecraft:dark_oak_sapling":47},"minecraft:custom":{"minecraft:mob_kills":27,"minecraft:damage_dealt_resisted":23177,"minecraft:leave_game":2,"minecraft:time_since_death":16205,"minecraft:damage_taken":10330,"minecraft:time_since_rest":16239,"minecraft:waystone_activated":5,"minecraft:sprint_one_cm":130527,"minecraft:open_enderchest":2,"minecraft:walk_one_cm":361711,"minecraft:drop":31,"minecraft:damage_dealt":12591,"minecraft:headpats_gotten":12,"minecraft:fly_one_cm":533330,"minecraft:crouch_one_cm":3705,"minecraft:play_time":320815,"minecraft:deaths":11,"minecraft:sneak_time":3533,"minecraft:walk_under_water_one_cm":406,"minecraft:jump":734,"minecraft:walk_on_water_one_cm":672,"minecraft:total_world_time":320815,"minecraft:fall_one_cm":10392},"minecraft:dropped":{"minecraft:iron_ingot":64,"minecraft:daylight_detector":1,"minecraft:compass":1,"minecraft:clock":1,"cobblemon:blue_apricorn":1,"minecraft:diamond":2,"minecraft:dark_oak_sapling":2,"minecraft:rotten_flesh":1,"minecraft:coal":32,"patchouli:guide_book":2,"waystones:warp_stone":1,"minecraft:redstone_lamp":1,"minecraft:dark_oak_log":64,"minecraft:shield":2,"cobblemon:poke_ball":128,"minecraft:diamond_pickaxe":1,"minecraft:wooden_axe":1,"minecraft:map":9,"minecraft:leather_boots":1,"minecraft:waxed_weathered_cut_copper":1,"cobblemon:level_ball":1,"minecraft:iron_axe":1,"minecraft:wooden_pickaxe":1,"minecraft:iron_pickaxe":1,"minecraft:iron_shovel":1,"minecraft:string":1,"minecraft:bone":2}},"DataVersion":3120}