{"stats":{"minecraft:mined":{"create:zinc_ore":9,"mysticalagriculture:prosperity_ore":21,"minecraft:oak_sapling":2,"minecraft:dark_oak_log":2,"mekanism:deepslate_osmium_ore":24,"minecraft:granite":10,"minecraft:acacia_log":63,"minecraft:grass_block":91,"mysticalagriculture:inferium_ore":21,"minecraft:hay_block":4,"minecraft:furnace":2,"minecraft:iron_ore":51,"bigreactors:yellorite_ore":2,"minecraft:andesite":65,"realmrpg_skeletons:rookie_skeleton":1,"createindustry:lead_ore":2,"minecraft:potatoes":5,"minecraft:dirt_path":1,"minecraft:deepslate_iron_ore":11,"realmrpg_skeletons:trident_skeleton":1,"minecraft:stone":205,"minecraft:white_wool":1,"minecraft:deepslate_redstone_ore":9,"mekanism:osmium_ore":32,"minecraft:red_bed":1,"botanypots:terracotta_botany_pot":1,"minecraft:clay":62,"minecraft:crafting_table":5,"mekanism:tin_ore":17,"minecraft:copper_ore":61,"minecraft:tall_grass":82,"minecraft:cobblestone":8,"minecraft:deepslate_gold_ore":11,"minecraft:lapis_ore":4,"minecraft:oak_planks":5,"mekanism:metallurgic_infuser":1,"minecraft:wall_torch":3,"minecraft:deepslate_copper_ore":2,"realmrpg_skeletons:bow_skeleton":1,"gothic:magic_ore_stone":4,"minecraft:wheat":10,"realmrpg_skeletons:acrobat_skeleton":1,"minecraft:grass":528,"minecraft:oak_log":57,"minecraft:coal_ore":184,"mekanism:lead_ore":2,"minecraft:gravel":32,"minecraft:acacia_door":3,"minecraft:sand":152,"minecraft:dirt":34,"mysticalagriculture:deepslate_prosperity_ore":2,"pots_and_mimics:treasure_pot":5,"minecraft:oak_leaves":2,"minecraft:deepslate":1},"minecraft:picked_up":{"minecraft:crafting_table":5,"waystones:warp_stone":1,"minecraft:wheat":11,"minecraft:chicken":2,"minecraft:clay_ball":248,"mekanism:raw_uranium":1,"minecraft:redstone_lamp":1,"minecraft:enchanted_book":1,"minecraft:shield":1,"gothic:miners_food":1,"minecraft:string":11,"minecraft:red_bed":1,"minecraft:raw_copper":229,"minecraft:acacia_door":3,"minecraft:compass":1,"mysticalagriculture:inferium_essence":74,"minecraft:cobbled_deepslate":14,"comforts:sleeping_bag_white":2,"minecraft:beef":5,"createindustry:raw_lead":2,"minecraft:poppy":2,"minecraft:furnace":2,"minecraft:dark_oak_sapling":4,"minecraft:stick":47,"minecraft:raw_iron":64,"minecraft:oak_door":4,"minecraft:torch":8,"mysticalagriculture:prosperity_shard":54,"minecraft:acacia_log":63,"minecraft:porkchop":2,"minecraft:redstone":42,"mekanism:raw_tin":17,"minecraft:arrow":16,"minecraft:rotten_flesh":14,"minecraft:hay_block":4,"minecraft:carved_pumpkin":1,"bigreactors:yellorite_ore":2,"minecraft:mutton":14,"cobblemon:blue_apricorn":2,"minecraft:white_wool":10,"minecraft:cobblestone":226,"minecraft:feather":4,"minecraft:clock":1,"mekanism:raw_lead":2,"minecraft:andesite":67,"minecraft:leather":9,"realmrpg_creep:creeping_sprout":4,"minecraft:potato":20,"minecraft:oak_log":67,"minecraft:flint":2,"minecraft:tuff":1,"create:raw_zinc":9,"minecraft:prismarine_bricks":3,"gothic:magic_ore_nugget":11,"minecraft:gunpowder":2,"minecraft:lapis_lazuli":30,"minecraft:map":9,"minecraft:dirt":201,"minecraft:lantern":1,"minecraft:white_banner":1,"minecraft:leather_boots":1,"minecraft:bone":17,"minecraft:waxed_weathered_cut_copper":1,"minecraft:acacia_planks":4,"minecraft:apple":4,"minecraft:wheat_seeds":107,"minecraft:raw_gold":11,"minecraft:iron_ingot":39,"minecraft:acacia_sapling":15,"minecraft:oak_planks":5,"mekanism:metallurgic_infuser":1,"minecraft:daylight_detector":1,"patchouli:guide_book":2,"minecraft:gravel":34,"minecraft:sand":152,"minecraft:grass_block":1,"minecraft:dark_oak_log":142,"mekanism:raw_osmium":56,"minecraft:spider_eye":1,"gothic:cave_mushrooms":1,"gothic:meat":7,"cobblemon:poke_ball":9,"minecraft:granite":11,"minecraft:emerald":1,"minecraft:baked_potato":11,"minecraft:oak_sapling":34,"minecraft:black_wool":1,"minecraft:coal":314,"botanypots:terracotta_botany_pot":1,"minecraft:ender_pearl":1},"minecraft:crafted":{"minecraft:brick":22,"minecraft:oak_door":3,"minecraft:oak_planks":156,"mekanism:basic_universal_cable":8,"minecraft:stone_shovel":1,"tconstruct:part_builder":1,"sophisticatedstorage:basic_tier_upgrade":2,"mekanism:ingot_osmium":5,"comforts:sleeping_bag_white":1,"minecraft:oak_pressure_plate":2,"minecraft:furnace":4,"tconstruct:tinker_station":1,"minecraft:terracotta":22,"minecraft:glass":32,"minecraft:hopper":2,"minecraft:bow":1,"minecraft:stone_pickaxe":4,"tconstruct:seared_brick":40,"minecraft:chest":9,"minecraft:dark_oak_planks":60,"mekanism:ingot_steel":6,"gothic:meat_cooked":0,"mekanism:metallurgic_infuser":1,"minecraft:crafting_table":3,"minecraft:wooden_pickaxe":2,"minecraft:baked_potato":209,"minecraft:iron_sword":1,"minecraft:copper_ingot":7,"minecraft:bucket":1,"minecraft:stone_axe":1,"minecraft:bread":5,"minecraft:air":0,"mekanism:steel_casing":1,"mekanism:enrichment_chamber":1,"tconstruct:crafting_station":1,"minecraft:stick":28,"minecraft:iron_ingot":70,"minecraft:iron_pickaxe":1,"minecraft:acacia_door":3,"minecraft:gold_ingot":12,"create:shaft":16,"minecraft:acacia_planks":48,"minecraft:torch":116,"minecraft:clay":16},"minecraft:killed_by":{"realmrpg_demons:chort":1,"minecraft:creeper":1,"minecraft:enderman":1,"realmrpg_creep:creepling":2,"realmrpg_creep:halloweed":2,"gothic:cave_molerat":1},"minecraft:killed":{"realmrpg_creep:halloweed":1,"pots_and_mimics:pot_crab":1,"minecraft:spider":3,"gothic:gothic_wolf":2,"minecraft:skeleton":7,"minecraft:horse":4,"realmrpg_demons:chort":1,"minecraft:drowned":1,"gothic:cave_molerat":2,"minecraft:pig":1,"cobblemon:pokemon":16,"realmrpg_creep:creepling":1,"minecraft:zombie_villager":1,"minecraft:sheep":2,"minecraft:pillager":1,"minecraft:zombie":9,"gothic:bloodfly":1,"minecraft:cow":1},"minecraft:broken":{"minecraft:wooden_pickaxe":2,"minecraft:stone_pickaxe":3,"minecraft:stone_axe":1,"minecraft:leather_boots":1,"minecraft:stone_shovel":2},"minecraft:used":{"minecraft:stone_sword":4,"mekanism:enrichment_chamber":1,"minecraft:stone_shovel":260,"minecraft:chest":9,"minecraft:shield":14,"minecraft:iron_sword":198,"gothic:miners_food":1,"minecraft:oak_door":6,"minecraft:torch":120,"minecraft:dirt":32,"minecraft:mutton":1,"minecraft:acacia_sapling":7,"mekanism:basic_universal_cable":1,"minecraft:tuff":1,"minecraft:granite":8,"minecraft:wooden_axe":1,"minecraft:lava_bucket":1,"minecraft:grass_block":1,"mekanismgenerators:heat_generator":1,"tconstruct:tinker_station":1,"gothic:grape":1,"minecraft:bow":10,"minecraft:oak_sapling":19,"minecraft:furnace":4,"comforts:sleeping_bag_white":2,"tconstruct:part_builder":1,"minecraft:potato":1,"minecraft:cobbled_deepslate":3,"minecraft:wheat_seeds":15,"botanypots:terracotta_hopper_botany_pot":2,"minecraft:baked_potato":45,"minecraft:stone_pickaxe":483,"minecraft:oak_planks":129,"minecraft:wooden_pickaxe":118,"minecraft:white_wool":1,"gothic:lamb_sausage":3,"gothic:meat_cooked":1,"minecraft:crafting_table":5,"minecraft:red_bed":1,"sophisticatedstorage:basic_tier_upgrade":2,"botanypots:terracotta_botany_pot":1,"minecraft:oak_log":16,"minecraft:apple":3,"minecraft:acacia_door":3,"minecraft:bread":14,"minecraft:iron_pickaxe":175,"mekanism:metallurgic_infuser":2,"minecraft:oak_pressure_plate":2,"minecraft:gravel":14,"minecraft:stone_axe":179,"minecraft:cobblestone":123,"tconstruct:crafting_station":1,"minecraft:bucket":1},"minecraft:dropped":{"minecraft:wheat_seeds":13,"minecraft:feather":4,"minecraft:granite":2,"minecraft:coal":50,"minecraft:white_banner":1,"minecraft:rotten_flesh":3,"minecraft:poppy":2,"minecraft:acacia_sapling":2},"minecraft:custom":{"lootr:looted_stat":27,"minecraft:mob_kills":57,"minecraft:interact_with_crafting_table":73,"minecraft:damage_dealt_resisted":90,"minecraft:leave_game":9,"minecraft:time_since_death":64751,"minecraft:climb_one_cm":292,"minecraft:sprint_one_cm":422864,"minecraft:damage_blocked_by_shield":960,"minecraft:walk_one_cm":745685,"minecraft:drop":16,"minecraft:damage_dealt_absorbed":40,"minecraft:talked_to_villager":5,"minecraft:play_time":271063,"minecraft:sneak_time":1925,"minecraft:deaths":8,"minecraft:walk_under_water_one_cm":44592,"minecraft:jump":2780,"minecraft:walk_on_water_one_cm":72806,"minecraft:total_world_time":271063,"minecraft:interact_with_furnace":78,"minecraft:sleep_in_bed":13,"minecraft:time_since_rest":1978,"minecraft:waystone_activated":5,"minecraft:open_enderchest":4,"minecraft:damage_taken":5504,"minecraft:damage_dealt":11600,"minecraft:swim_one_cm":80954,"minecraft:fly_one_cm":552655,"minecraft:open_chest":188,"minecraft:crouch_one_cm":6266,"minecraft:fall_one_cm":73167}},"DataVersion":3120}